연번,광역자치단체명,기초자치단체명,축제명,축제 유형,시작일,종료일
1,서울,-,서울드럼페스티벌,문화예술,2024-05-25,2024-05-26
2,서울,-,서울뮤직페스티벌,문화예술,2024-09-27,2024-09-29
3,서울,-,서울국악축제,전통역사,2024-01-09,2024-01-09
4,서울,-,서울페스타 2024,문화예술,2024-05-01,2024-05-06
10,서울,-,제18회 서울안전한마당,문화예술,2024-05-02,2024-05-04
11,서울,-,2024 서울세계도시문화축제,문화예술,2024-05-25,2024-05-26
12,서울,-,서울라이트 한강 빛섬축제 ,문화예술,2024-10-05,2024-10-13
13,서울,-,서울라이트 광화문,문화예술,2024-12-20,2025-01-12
15,서울,-,한강서래섬유채꽃축제,자연생태,2024-05-10,2024-05-19
17,서울,-,2024 서울대공원 벚꽃축제,자연생태,2024-01-04,2024-01-04
18,서울,-,제24회 서울대공원 장미원축제,자연생태,2024-05-24,2024-06-09
19,서울,-,제9회 동물원 밖 동물원,문화예술,2024-01-10,2024-01-12
20,서울,강남구,제13회 강남페스티벌,문화예술,2024-01-09,2024-01-09
21,서울,강남구,제5회강남디자인위크,문화예술,2024-05-24,2024-05-28
22,서울,강남구,제4회 강남 G-KPOP 콘서트,문화예술,2024-01-05,2024-01-05
23,서울,강동구,제29회 강동선사문화축제,전통역사,2024-10-11,2024-10-13
24,서울,강북구,419혁명국민문화제,전통역사,2024-04-12,2024-04-19
25,서울,강북구,천변라이프 강북페스타2024,문화예술,2024-05-31,2024-06-02
29,서울,광진구,제2회 광진청년문화Street페스티벌,문화예술,2024-01-09,2024-01-09
31,서울,금천구,제6회 금천과학축제,문화예술,2024-09-06,2024-09-07
32,서울,금천구,2024 금천하모니축제,문화예술,2024-05-10,2024-05-12
33,서울,금천구,2024년 제7회 정조대왕 능행차 공동재현 행사,전통역사,2024-10-05,2024-10-06
35,서울,금천구,제4회 금천패션영화제,문화예술,2024-11-01,2024-11-04
37,서울,노원구,노원달빛산책,문화예술,2024-10-11,2024-11-03
38,서울,노원구,댄싱노원,문화예술,2024-09-28,2024-09-29
39,서울,도봉구,우이천 벚꽃 축제,문화예술,2024-04-03,2024-04-07
40,서울,도봉구,제12회 도봉구 등 축제,문화예술,2024-10-04,2024-10-12
41,서울,동대문구,동대문구 봄꽃축제,자연생태,2024-03-30,2024-03-31
42,서울,동대문구,선농대제,전통역사,2024-04-20,2024-04-20
43,서울,동대문구,청룡문화제,전통역사,2024-10-26,2024-10-26
44,서울,마포구,제17회 마포나루 새우젓축제,전통역사,2024-10-18,2024-10-20
49,서울,서대문구,서대문 벚꽃 축제,문화예술,2024-01-04,2024-01-04
50,서울,서대문구,서대문독립축제,문화예술,2024-01-08,2024-01-08
51,서울,서대문구,신촌글로벌대학문화축제,문화예술,2024-09-25,2024-09-27
52,서울,서대문구,신촌카운트다운 콘서트,문화예술,2024-12-31,2024-12-31
53,서울,서초구,봄밤의 클래식 축제,문화예술,2024-01-04,2024-01-04
54,서울,서초구,서초뮤직앤아트페스티벌,문화예술,2024-01-06,2024-01-06
55,서울,서초구,2024 서리풀페스티벌,문화예술,2024-01-09,2024-01-09
56,서울,영등포구,제18회 영등포 여의도 봄꽃축제,문화예술,2024-01-03,2024-01-03
57,서울,영등포구,선유로운 축제,문화예술,2024-01-05,2024-01-05
58,서울,영등포구,안양천 썸머 페스티벌,자연생태,2024-01-07,2024-01-08
59,서울,영등포구,선유로운 축제,문화예술,2024-01-09,2024-01-10
60,서울,영등포구,안양천 수변문화축제,문화예술,2024-01-09,2024-01-10
61,서울,용산구,2024 이태원 지구촌 축제,문화예술,2024-01-09,2024-01-09
62,서울,용산구,제42회 남이장군사당제,전통역사,2024-11-01,2024-11-05
63,서울,용산구,용산 문화유산 야행,전통역사,2024-09-27,2024-09-28
64,서울,종로구,인사동 엔틱 & 아트페어,전통역사,2024-01-08,2024-01-10
67,서울,종로구,제16회 정순왕후 문화제,전통역사,2024-01-04,2024-01-04
68,서울,종로구,궁중과 사대부가 전통음식축제,전통역사,2024-01-10,2024-01-10
69,서울,종로구,종로청계야 놀자,문화예술,2024-01-10,2024-01-10
70,서울,종로구,돈화문로 문화축제,문화예술,2024-01-10,2024-01-10
71,서울,종로구,북촌공방축제,문화예술,2024-01-10,2024-01-10
72,서울,중구,정동야행축제,문화예술,2024-05-24,2024-05-25
73,서울,중랑구,2023 서울장미축제,문화예술,2024-01-05,2024-01-05
74,서울,중랑구,2023 용마폭포문화예술축제,문화예술,2024-01-10,2024-01-10
76,서울,성북구,제13회 유러피안 크리스마스 마켓,문화예술,2024-12-02,2024-12-02
77,서울,송파구,사각사각 가을축제,문화예술,2024-10-02,2024-10-02
78,부산,-,조선통신사축제,전통역사,2024-05-03,2024-05-05
79,부산,-,부산원도심활성화축제,문화예술,2024-01-05,2024-01-05
81,부산,-,부산바다축제,문화예술,2024-01-07,2024-01-07
82,부산,-,부산국제록페스티벌,문화예술,2024-01-10,2024-01-10
83,부산,-,부산불꽃축제,문화예술,2024-01-11,2024-01-11
84,부산,-,해운대북극곰축제,자연생태,2024-01-12,2024-01-12
85,부산,-,부산 시민의종 타종행사,문화예술,2024-12-31,2024-12-31
86,부산,중구,광복로 연등문화제,문화예술,2024-01-05,2024-01-05
87,부산,중구,유라리건맥축제,지역특산물,2024-01-09,2024-01-09
88,부산,중구,부산자갈치축제,지역특산물,2024-01-10,2024-01-10
89,부산,중구,보수동책방골목 문화축제,문화예술,2024-01-10,2024-01-10
91,부산,서구,부산고등어축제,지역특산물,2024-01-10,2024-01-10
93,부산,동구,부산차이나타운문화축제,문화예술,2024-10-18,2024-10-20
94,부산,동구,동구 3.1절 기념 행사,문화예술,2024-03-09,2024-03-09
95,부산,동구,웹툰이바구길축제,문화예술,2024-01-10,2024-01-10
96,부산,영도구,영도다리축제,문화예술,2024-01-10,2024-01-10
97,부산,영도구,영도커피페스티벌,문화예술,2024-05-24,2024-05-26
101,부산,동래구,동래읍성역사축제,전통역사,2024-10-11,2024-10-13
102,부산,동래구,동래 3.1만세운동재현행사,문화예술,2024-03-01,2024-03-01
103,부산,남구,UN평화축제,문화예술,2024-10-19,2024-10-20
104,부산,북구,구포장터 3.1만세운동기념행사,문화예술,2024-03-29,2024-03-29
105,부산,북구,낙동강 구포나루 축제,문화예술,2024-10-03,2024-10-03
106,부산,해운대구,해운대 달맞이온천축제,전통역사,2024-02-22,2024-02-24
107,부산,해운대구,해운대모래축제,자연생태,2024-05-24,2024-05-27
108,부산,해운대구,해운대 해양레저축제,문화예술,2024-08-24,2024-08-25
109,부산,해운대구,해운대 빛축제,문화예술,2024-01-12,2024-01-12
111,부산,사하구,다대포어항문화축제,전통역사,2024-01-10,2024-01-10
112,부산,사하구,감천문화마을골목축제,문화예술,2024-01-10,2024-01-10
113,부산,금정구,금정산성축제,문화예술,2024-05-24,2024-05-26
114,부산,금정구, 부산국제공연예술제,문화예술,2024-01-09,2024-01-09
115,부산,금정구,회동호 가을빛 축제,문화예술,2024-01-10,2024-01-10
117,부산,연제구,연제고분판타지축제,전통역사,2024-03-22,2024-03-24
118,부산,강서구,강서 낙동강30리 벚꽃축제,자연생태,2024-03-29,2024-03-31
119,부산,강서구,명지시장 전어축제,지역특산물,2024-01-08,2024-01-08
120,부산,강서구,대저토마토축제,지역특산물,2024-03-23,2024-03-24
121,부산,수영구,광안리어방축제,전통역사,2024-05-10,2024-05-12
122,부산,사상구,사상강변축제,문화예술,2024-10-02,2024-10-02
123,부산,사상구,삼락벚꽃축제,문화예술,2024-03-30,2024-03-31
124,부산,기장군,기장멸치축제,지역특산물,2024-01-04,2024-01-04
125,부산,기장군,기장미역다시마 축제,지역특산물,2024-01-04,2024-01-04
126,부산,기장군,정관생태하천학습문화축제,문화예술,2024-01-06,2024-01-06
128,부산,기장군,기장붕장어축제,지역특산물,2024-01-09,2024-01-10
129,부산,기장군,차성문화제,문화예술,2024-01-10,2024-01-10
130,부산,기장군,철마한우불고기축제,지역특산물,2024-01-10,2024-01-10
131,부산,기장군,기장군 가을꽃나들이 홍보행사,지역특산물,2024-10-17,2024-10-20
132,부산,기장군,기장 쪽파파전 홍보행사,지역특산물,2024-11-09,2024-11-10
133,대구,-,제46회 대구약령시한방문화축제,전통역사,2024-05-08,2024-05-12
134,대구,-,파워풀대구페스티벌,문화예술,2024-05-11,2024-05-12
135,대구,-,대구생활문화제 ,문화예술,2024-05-11,2024-05-12
136,대구,-,형형색색 달구벌 관등놀이,전통역사,2024-01-05,2024-01-05
137,대구,-,제18회 대구국제뮤지컬페스티벌,문화예술,2024-06-21,2024-07-08
141,대구,-,팔공산 산중전통장터 승시 축제,전통역사,2024-01-10,2024-01-10
142,대구,-,대구포크페스티벌,문화예술,2024-01-10,2024-01-10
143,대구,-,월드오케스트라페스티벌,문화예술,2024-01-10,2024-01-11
145,대구,중구,대구 문화유산 야행,문화예술,2024-08-30,2024-08-31
147,대구,중구,제19회 패션주얼리위크,문화예술,2024-01-09,2024-01-09
148,대구,중구,서문시장글로벌대축제,전통역사,2024-01-10,2024-01-10
149,대구,중구,교동시장한마음축제,전통역사,2024-01-10,2024-01-10
150,대구,중구,김광석길페스티벌,문화예술,2024-01-10,2024-01-10
151,대구,중구,대구화교중화문화축제,문화예술,2024-01-10,2024-01-10
152,대구,동구,제13회 팔공산 벚꽃축제,자연생태,2024-01-04,2024-01-04
153,대구,동구,제23회 팔공산 단풍축제,자연생태,2024-01-10,2024-01-10
154,대구,서구,"달구벌목민관 부임
마을축제",전통역사,2024-01-10,2024-01-10
155,대구,남구,제29회 대덕제 「대구앞산축제」,문화예술,2024-05-25,2024-05-26
156,대구,남구,제12회 로드페스티벌,문화예술,2024-01-06,2024-01-06
157,대구,남구,2024 대구할로윈축제,문화예술,2024-01-10,2024-01-10
158,대구,북구,제4회 떡볶이 페스티벌,문화예술,2024-01-05,2024-01-05
159,대구,북구,2024 금호강 바람소리길 축제,문화예술,2024-01-09,2024-01-10
160,대구,수성구,수성못페스티벌,문화예술,2024-09-22,2024-09-24
161,대구,달서구,장미꽃 필 무렵,자연생태,2024-05-17,2024-05-19
162,대구,달서구,선사문화체험축제,전통역사,2024-01-05,2024-01-05
164,대구,달성군,제28회 비슬산 참꽃 문화제,문화예술,2024-04-02,2024-04-02
166,인천,-,송도 바람축제,문화예술,2024-01-05,2024-01-05
167,인천,-,청라 페스티벌,문화예술,2024-01-05,2024-01-05
168,인천,-,영종 세계음식축제,문화예술,2024-01-09,2024-01-09
169,인천,-,청라 와인페스티벌,문화예술,2024-01-10,2024-01-10
170,인천,-,2024년 인천대공원 벚꽃축제,문화예술,2024-04-06,2024-04-07
172,인천,-,인천펜타포트음악축제,문화예술,2024-01-05,2024-01-09
173,인천,-,INK콘서트,문화예술,2024-01-09,2024-01-09
176,인천,"중구
(인천관광공사)",인천개항장문화재야행,전통역사,2024-06-10,2024-06-10
177,인천,중구,연안부두축제,문화예술,2024-01-10,2024-01-10
178,인천,중구,2024 가족의달 어린이축제,문화예술,2024-05-04,2024-05-05
179,인천,중구,2024 자유공원축제,문화예술,2024-01-05,2024-01-05
180,인천,중구,2024 동인천고고축제,문화예술,2024-01-05,2024-01-05
182,인천,동구,제35회 화도진축제,전통역사,2024-01-05,2024-01-05
190,인천,남동구,제24회 소래포구축제,자연생태,2024-01-09,2024-01-10
192,인천,부평구,2024년 제28회 부평풍물대축제,문화예술,2024-09-27,2024-09-29
195,인천,강화군,고려산 진달래꽃구경,자연생태,2024-01-04,2024-01-04
196,인천,강화군,삼랑성역사문화축제,전통역사,2024-01-10,2024-01-10
198,인천,강화군,강화문화재야행,전통역사,2024-01-09,2024-01-09
199,인천,강화군,강화 화개정원 축제,자연생태,2024-01-10,2024-01-10
200,인천,옹진군,연평꽃게걷기축제,지역특산물,2024-06-10,2024-06-11
201,인천,옹진군,영흥풍어기원제,전통역사,2024-03-04,2024-03-04
202,인천,옹진군,섬마을밴드음악축제,문화예술,2024-10-01,2024-10-01
204,인천,옹진군,"영흥수협 수산물 
소비축제 지원",지역특산물,2024-09-28,2024-09-29
205,인천,옹진군,제12회 장봉도 벚꽃축제,자연생태,2024-04-13,2024-04-13
206,광주,-,아트피크닉,문화예술,2024-01-04,2024-01-11
207,광주,-,대인예술시장,문화예술,2024-01-05,2024-01-12
208,광주,-,제12회 도서관문화마당,문화예술,2024-05-10,2024-05-11
210,광주,-,2024 광주스트릿컬처 페스타,문화예술,2024-06-06,2024-06-09
211,광주,-,2024 광주청년주간,문화예술,2024-01-09,2024-01-09
212,광주,-,광주국제미술전람회 '아트광주24',문화예술,2024-09-26,2024-09-29
214,광주,-,2024 프린지페스티벌,문화예술,2024-09-27,2024-09-29
215,광주,-,제31회 광주김치축제,전통역사,2024-01-10,2024-01-10
216,광주,동구,제21회 광주 추억의 충장축제,문화예술,2024-10-02,2024-10-06
217,광주,동구,제3회 광주 버스킹 월드컵,문화예술,2024-10-02,2024-10-06
218,광주,동구,2024 광주 문화유산 야행 '돌의 기억',문화예술,2024-04-26,2024-04-27
219, 광주,동구,제4회 동명동 커피산책,문화예술,2024-01-10,2024-01-12
220,광주,동구,2024 무등산인문축제,문화예술,2024-06-01,2024-06-02
222,광주,남구,제41회 고싸움놀이축제,문화예술,2024-02-23,2024-02-25
223,광주,남구,인문학축제 제13회 굿모닝양림,문화예술,2024-10-02,2024-10-02
224,광주,서구,제9회 광주서창억새축제,자연생태,2024-01-10,2024-01-10
226,광주,광산구,제2회 광산뮤직ON페스티벌,문화예술,2024-05-04,2024-05-05
227,대전,동구,대청호 봄축제(가칭),자연생태,2024-03-29,2024-03-31
229,대전,동구,"문화재 야행 「밤하늘, 달콤한 문화산책」",문화예술,2024-05-24,2024-05-25
230,대전,"동구,중구",2024 대전 0시 축제,문화예술,2024-08-09,2024-08-17
231,대전,동구,대전 동구동락 축제,문화예술,2024-01-10,2024-01-10
232,대전,동구,인쇄UP 아트페스티벌,문화예술,2024-01-09,2024-01-10
233,대전,중구,제15회 대전효문화뿌리축제,전통역사,2024-01-09,2024-01-10
234,대전,서구,2024 대전 서구 아트페스티벌,문화예술,2024-10-11,2024-10-13
235,대전,서구,제14회 녹색체험여행,자연생태,2024-10-04,2024-10-05
236,대전,유성구,2024 유성온천문화축제,문화예술,2024-05-10,2024-05-12
237,대전,유성구,2024 유성재즈&맥주 페스타,문화예술,2024-08-23,2024-08-25
238,대전,유성구,2024 유성온천 크리스마스축제,문화예술,2024-12-06,2024-12-08
240,대전,서구,2024 대한민국 과학축제,문화예술,2024-04-26,2024-04-28
241,대전,서구,2024 대전사이언스페스티벌,문화예술,2024-10-18,2024-10-20
243,대전,대덕구,제27회 동춘당문화제,전통역사,2024-04-27,2024-04-27
245,대전,대덕구,제13회 김호연재 여성문화축제,전통역사,2024-01-09,2024-01-09
246,대전,대덕구,2024년 제8회 장동계족산 코스모스축제,자연생태,2024-01-09,2024-01-10
249,울산,-,울산서머페스티벌,문화예술,2024-01-08,2024-01-08
250,울산,-,아시아 퍼시픽 뮤직 페스티벌,문화예술,2024-01-09,2024-01-09
252,울산,-,제16회 울산대공원 장미축제,자연생태,2024-05-22,2024-05-26
253,울산,-,태화강국가정원 봄꽃축제,자연생태,2024-05-17,2024-05-19
254,울산,-,태화강국가정원 가을축제,자연생태,2024-10-25,2024-10-27
255,울산,-,태화강 억새나들이,자연생태,2024-10-21,2024-10-22
256,울산,-,정원생태문화축제,자연생태,2024-01-04,2024-01-04
257,울산,-,119안전문화축제,문화예술,2024-06-28,2024-06-29
258,울산,중구,태화강마두희축제,전통역사,2024-01-06,2024-01-06
260,울산,중구,태화강국제재즈음악제,문화예술,2024-01-05,2024-01-05
261,울산,남구,반려동물 축제,자연생태,2024-01-05,2024-01-05
262,울산,남구,2024 삼호 버드페스티벌,자연생태,2024-11-09,2024-11-10
263,울산,남구,2024 울산 남구 청년 페스타,문화예술,2024-01-09,2024-01-09
265,울산,남구,남구강변영화제,문화예술,2024-01-08,2024-01-08
266,울산,남구,태화강 빛 축제,문화예술,2024-01-09,2024-01-09
272,울산,북구,제20회 울산쇠부리축제,전통역사,2024-05-10,2024-05-12
273,울산,울주군,제24회 울산옹기축제,전통역사,2024-05-04,2024-05-06
276,울산,울주군,언양 한우불고기 축제,지역특산물,2024-01-09,2024-01-10
277,울산,울주군,2024년 울산울주세계산악영화제,문화예술,2024-01-10,2024-01-10
280,울산,울주군,울산배축제,지역특산물,2024-01-10,2024-01-10
281,울산,울주군,제5회 울산 작천정 벚꽃축제,자연생태,2024-01-03,2024-01-04
283,세종,-,제22회 세종조치원복숭아축제,지역특산물,2024-01-07,2024-01-08
284,세종,-,2024 세종축제,문화예술,2024-10-09,2024-10-12
286,세종,-,2024 조치원 봄꽃축제,자연생태,2024-05-11,2024-05-12
287,경기,수원시,제61회 수원화성문화제,문화예술,2024-10-04,2024-10-06
288,경기,수원시,정조대왕 능행차 공동재현,문화예술,2024-10-05,2024-10-06
289,경기,수원시,수원화성 미디어아트,문화예술,2024-09-28,2024-10-20
290,경기,용인시,제10회 경기공연예술페스타,문화예술,2024-01-25,2024-01-28
291,경기,용인시,제19회 포은문화제,전통역사,2024-10-05,2024-10-06
296,경기,고양시,제36회 고양행주문화제,문화예술,2024-05-17,2024-05-19
297,경기,고양시,2024 고양호수예술축제,문화예술,2024-10-11,2024-10-13
298,경기,고양시,제4회 행주가 예술이야,문화예술,2024-09-27,2024-10-13
299,경기,고양시,2024고양국제꽃박람회,문화예술,2024-04-26,2024-05-12
300,경기,성남시,2024 성남페스티벌,문화예술,2024-10-03,2024-10-06
301,경기,성남시,GXG 2024 성남게임문화축제,문화예술,2024-01-09,2024-01-09
303,경기,화성시,제14회 화성뱃놀이 축제,자연생태,2024-05-31,2024-06-02
304,경기,화성시,세계인의 날 기념식 및 문화다양성축제,문화예술,2024-05-25,2024-05-26
305,경기,화성시,제14회 화성뱃놀이 축제,자연생태,2024-05-31,2024-06-02
306,경기,화성시,2024 제16회 품앗이 공연예술축제,문화예술,2024-08-23,2024-08-25
307,경기,화성시,제10회 화성송산포도축제,지역특산물,2024-09-07,2024-09-08
308,경기,화성시,"제1회 화성시 도서관 축제 ""북페스티벌""",문화예술,2024-09-28,2024-09-29
309,경기,화성시,제2회 화성시 도농 어울림 축제,지역특산물,2024-09-28,2024-09-29
310,경기,화성시,2024 정조효문화제 및 정조대왕 능행차,전통역사,2024-10-05,2024-10-06
311,경기,화성시,제2회 화성루나빛축제,문화예술,2024-10-26,2024-11-01
312,경기,부천시,제27회 부천국제만화축제,문화예술,2024-10-03,2024-10-06
313,경기,부천시,제8회 국제코스프레 페스티벌,문화예술,2024-10-03,2024-10-06
314,경기,부천시,제26회 부천국제애니메이션페스티벌,문화예술,2024-10-25,2024-10-29
315,경기,부천시,제28회 부천국제판타스틱영화제,문화예술,2024-07-04,2024-07-14
316,경기,부천시,제39회 복사골예술제,문화예술,2024-05-03,2024-05-05
317,경기,부천시,제24회 진달래축제,자연생태,2024-03-30,2024-03-31
318,경기,부천시,제26회 부천 도당산 벚꽃축제,문화예술,2024-03-30,2024-03-31
319,경기,부천시,제3회 부천건축문화제,문화예술,2024-10-03,2024-10-03
320,경기,남양주시,제19회 광릉숲축제,문화예술,2024-09-28,2024-09-29
321,경기,남양주시,제38회 다산정약용문화제,문화예술,2024-10-11,2024-10-12
322,경기,안산시,제20회 안산국제거리극축제,문화예술,2024-05-04,2024-05-06
323,경기,안산시,제27회 성호문화제,문화예술,2024-05-25,2024-05-26
324,경기,안산시,제38회 별망성예술제,문화예술,2024-09-07,2024-09-08
325,경기,안산시,2024년 안산대부포도축제,지역특산물,2024-01-09,2024-01-09
326,경기,안산시,제5회 김홍도 축제,전통역사,2024-10-04,2024-10-06
327,경기,안산시,"정조대왕 능행차 공동재현
(제14회 안산읍성 문화예술제)",전통역사,2024-10-06,2024-10-06
329,경기,평택시,평택호 물빛축제,문화예술,2024-09-02,2024-09-02
330,경기,평택시,한미 어울림 축제,문화예술,2024-10-02,2024-10-02
331,경기,평택시,한미친선 한마음 축제,문화예술,2024-05-02,2024-05-02
332,경기,평택시,한미친선 문화 한마당,문화예술,2024-10-02,2024-10-02
333,경기,평택시,할로윈축제(신장),문화예술,2024-01-10,2024-01-10
334,경기,평택시,할로윈축제(팽성),문화예술,2024-01-10,2024-01-10
335,경기,평택시,평택 꽃 나들이,문화예술,2024-04-20,2024-04-24
338,경기,안양시,안양충훈벚꽃축제,자연생태,2024-04-02,2024-04-02
341,경기,안양시,제33회 안양예술제,문화예술,2024-05-02,2024-05-02
342,경기,시흥시,제19회 시흥갯골축제,자연생태,2024-09-03,2024-09-03
345,경기,시흥시,제31회 물왕예술제,문화예술,2024-05-10,2024-05-12
346,경기,시흥시,연성문화제,전통역사,2024-01-07,2024-01-08
347,경기,김포시,김포 도심축제,문화예술,2024-01-10,2024-01-10
348,경기,김포시,해병대축제,문화예술,2024-01-05,2024-01-05
349,경기,김포시,2024 김포 아라마린 페스티벌,문화예술,2024-01-06,2024-01-06
350,경기,김포시,월곶 저잣거리 축제,전통역사,2024-01-09,2024-01-09
351,경기,파주시,파주출판도시 어린이책잔치,문화예술,2024-05-04,2024-05-06
352,경기,파주시,헤이리 판 페스티벌,문화예술,2024-10-05,2024-10-13
353,경기,파주시,제34회 율곡문화제,전통역사,2024-10-12,2024-10-13
354,경기,파주시,파주북소리 축제,문화예술,2024-10-18,2024-10-20
355,경기,파주시,제19회 파주개성인삼축제,지역특산물,2024-10-19,2024-10-20
356,경기,파주시,제28회 파주장단콩축제,지역특산물,2024-11-22,2024-11-24
357,경기,광주시,제29회 남한산성문화제,문화예술,2024-01-09,2024-01-10
358,경기,광주시,제27회 광주왕실도자기축제,문화예술,2024-05-03,2024-05-15
359,경기,광주시,제22회 퇴촌토마토축제,지역특산물,2024-06-14,2024-06-16
360,경기,광명시,오리문화제,전통역사,2024-01-05,2024-01-05
362,경기,광명시,광명동굴 대한민국 와인페스티벌,문화예술,2024-01-09,2024-01-09
363,경기,광명시,2024 페스티벌 광명,문화예술,2024-01-10,2024-01-10
364,경기,광명시,광명농악대축제,전통역사,2024-01-10,2024-01-10
365,경기,광명시,광명동굴 빛 축제,문화예술,2024-01-12,2024-01-12
366,경기,하남시,하남이성산성문화제,전통역사,2024-09-28,2024-09-29
367,경기,군포시,군포철쭉축제,자연생태,2024-04-20,2024-04-28
368,경기,오산시,제15회 오산 독산성문화재,전통역사,2024-10-12,2024-10-13
372,경기,양주시,2024 양주 회암사지 왕실축제,전통역사,2024-05-10,2024-05-12
373,경기,양주시,2024 양주 천만송이 천일홍축제,자연생태,2024-09-28,2024-09-29
374,경기,양주시,양주문화유산 야행,전통역사,2024-09-27,2024-09-29
378,경기,이천시,제8회 이천인삼축제,지역특산물,2024-10-25,2024-10-27
379,경기,이천시,제28회 햇사레 장호원복숭아축제,지역특산물,2024-09-20,2024-09-22
380,경기,이천시,제25회이천백사산수유꽃축제,자연생태,2024-01-03,2024-01-04
381,경기,이천시,제21회 설봉산 별빛축제,문화예술,2024-07-13,2024-08-10
383,경기,구리시,2024 구리 유채꽃 축제,문화예술,2024-05-03,2024-05-03
384,경기,구리시,2024 구리 코스모스 축제,문화예술,2024-10-03,2024-10-03
386,경기,구리시,제2회 구리문화예술축제,문화예술,2024-10-02,2024-10-02
387,경기,구리시,동구릉 힐링예술제,문화예술,2024-10-02,2024-10-02
388,경기,구리시,구구구페스타,문화예술,2024-09-01,2024-09-30
389,경기,구리시,제18회 구리시 평생학습축제,문화예술,2024-10-03,2024-10-03
390,경기,구리시,제19회 구리전통시장 거리축제,문화예술,2024-01-10,2024-01-10
391,경기,구리시,2024 MSG 마신는 구리 축제,문화예술,2024-01-04,2024-01-05
392,경기,안성시,안성맞춤 남사당 바우덕이 축제,문화예술,2024-01-10,2024-01-10
393,경기,안성시,안성맞춤포도축제,지역특산물,2024-01-09,2024-01-10
394,경기,안성시,죽주대고려문화축제,전통역사,2024-01-09,2024-01-10
395,경기,의왕시,의왕철도축제,문화예술,2024-05-04,2024-05-05
396,경기,의왕시,의왕백운호수축제,자연생태,2024-09-28,2024-09-29
397,경기,포천시,2024 포천아트밸리 뮤직페스티벌 (PAMF),문화예술,2024-05-26,2024-05-27
399,경기,포천시,제4회 포천 화적연 실경 창작 공연,문화예술,2024-01-09,2024-01-09
400,경기,포천시,제27회 포천 산정호수 명성산 억새꽃 축제,문화예술,2024-10-11,2024-10-27
401,경기,포천시,포천 인문學숲&북 페스티벌(가제),문화예술,2024-05-24,2024-05-25
403,경기,포천시,포천 축산 그랜드페스티벌,지역특산물,2024-05-31,2024-06-02
406,경기,양평군,제14회 용문산 산나물 축제,지역특산물,2024-04-26,2024-04-28
407,경기,양평군,제4회 양강섬 예술축제 <페스티벌 다다>,문화예술,2024-01-10,2024-01-10
408,경기,양평군,제2회 우리밀 축제,자연생태,2024-06-06,2024-06-06
410,경기,여주시,제36회 여주도자기축제,지역특산물,2024-05-03,2024-05-12
411,경기,여주시,2024 여주오곡나루축제,지역특산물,2024-10-18,2024-10-20
412,경기,여주시,제3회 여주선비장터축제,지역특산물,2024-10-12,2024-10-13
413,경기,여주시,제8회여주흥천남한강벚꽃축제,자연생태,2024-04-05,2024-04-07
414,경기,여주시,제18회 금사참외축제,지역특산물,2024-05-24,2024-05-26
415,경기,여주시,제20회 산북품실축제,전통역사,2024-10-26,2024-10-27
416,경기,동두천시,제24회 동두천 락 페스티벌,문화예술,2024-01-08,2024-01-08
417,경기,동두천시,제36회 소요단풍문화제,문화예술,2024-01-10,2024-01-10
418,경기,동두천시,제4회 DDC 할로윈 거리예술 축제,문화예술,2024-01-10,2024-01-10
419,경기,과천시,과천공연예술축제,문화예술,2024-09-27,2024-09-29
420,경기,가평군,청춘역1979 페스티벌,문화예술,2024-01-09,2024-01-09
421,경기,가평군,제21회 자라섬 재즈페스티벌,문화예술,2024-10-18,2024-10-20
422,경기,가평군,2024 Colorful Garden 자라섬 꽃 페스타(봄),문화예술,2024-05-25,2024-06-16
424,경기,연천군,제31회 연천 구석기 축제,전통역사,2024-05-03,2024-05-06
425,경기,연천군,2024 연천군 국화전시회,자연생태,2024-01-10,2024-01-10
426,경기,연천군,제9회 연천장남 통일바라기 축제,자연생태,2024-01-09,2024-01-09
428,경기,연천군,연천율무축제(연천농특산물큰장터),지역특산물,2024-01-10,2024-01-10
429,경기,연천군,고려인삼축제,지역특산물,2024-01-10,2024-01-10
431,강원,춘천시,춘천호수 드론 라이트쇼,문화예술,2024-01-05,2024-01-05
432,강원,춘천시,춘천막국수닭갈비축제,지역특산물,2024-01-05,2024-01-05
433,강원,춘천시,2024 온세대 합창페스티벌,문화예술,2024-01-08,2024-01-08
434,강원,춘천시,2024 석사천 재즈 페스타,문화예술,2024-01-10,2024-01-10
435,강원,춘천시,2024 춘베리아 특급열차,문화예술,2024-01-12,2024-01-12
436,강원,춘천시,제45회 소양강문화제,문화예술,2024-09-28,2024-09-29
439,강원,춘천시,춘천마임축제,문화예술,2024-05-26,2024-06-02
441,강원,원주시,제23회 섬강축제,자연생태,2024-08-23,2024-08-25
442,강원,원주시,제18회 원주 용수골 꽃양귀비축제,자연생태,2024-01-05,2024-01-05
444,강원,원주시,2024 원주 댄싱카니발,문화예술,2024-10-03,2024-10-05
445,강원,원주시,제26회 원주한지문화제,문화예술,2024-10-03,2024-10-06
446,강원,원주시,치악산 찰옥수수 축제,지역특산물,2024-01-07,2024-01-07
447,강원,원주시,치악산 복숭아 축제,지역특산물,2024-01-08,2024-01-08
448,강원,원주시,치악산 고구마 축제,지역특산물,2024-01-11,2024-01-11
449,강원,강릉시,2024 경포 벚꽃 축제,자연생태,2024-03-29,2024-04-03
450,강원,강릉시,강남동 새봄맞이 축제,자연생태,2024-03-31,2024-04-02
451,강원,강릉시,솔올 동행축제,자연생태,2024-01-03,2024-01-04
453,강원,강릉시,강릉단오제,전통역사,2024-06-06,2024-06-13
457,강원,강릉시,주문진 해변축제,지역특산물,2024-08-02,2024-08-04
461,강원,강릉시,제3회 강릉 누들축제,지역특산물,2024-10-25,2024-10-27
465,강원,동해시,제11회 전천제,문화예술,2024-01-04,2024-01-04
466,강원,동해시,동해항 크랩킹페스타,지역특산물,2024-04-12,2024-04-14
467,강원,동해시,제6회 묵호등대 논골담길 축제,문화예술,2024-06-15,2024-06-16
468,강원,동해시,제2회 무릉별유천지 라벤더 축제,자연생태,2024-06-04,2024-06-21
469,강원,동해시,묵호도째비페스타,지역특산물,2024-07-12,2024-07-14
472,강원 ,태백시,제 31회 태백산 눈축제 ,자연생태,2024-01-26,2024-02-04
473,강원 ,태백시 ,한강낙동강발원지 축제 ,문화예술,2024-01-07,2024-01-07
475,강원 ,태백시,태백 천상의 산나물축제,자연생태,2024-04-26,2024-04-28
476,강원,속초시,설악벚꽃축제,자연생태,2024-03-30,2024-03-31
477,강원,속초시,2024 영랑호 벚꽃축제,자연생태,2024-04-06,2024-04-07
478,강원,속초시,2024 실향민문화축제,문화예술,2024-01-06,2024-01-06
479,강원,속초시,2024 속초썸머페스티벌,문화예술,2024-01-07,2024-01-08
480,강원,속초시,2024 속초음식축제,지역특산물,2024-01-10,2024-01-10
481,강원,속초시,제59회 설악문화제,문화예술,2024-10-04,2024-10-06
482,강원,속초시,속초시민 새해맞이 축제,문화예술,2024-12-31,2025-01-01
483,강원,삼척시,삼척정월대보름제,전통역사,2024-02-23,2024-02-25
484,강원,삼척시,제20회삼척맹방유채꽃축제,자연생태,2024-04-06,2024-04-14
485,강원,삼척시,2024 삼척 장미축제,자연생태,2024-05-18,2024-05-22
488,강원,홍천군,제12회 홍천강 꽁꽁축제,전통역사,2024-01-05,2024-01-21
489,강원,홍천군,제8회 홍천강 별빛음악 맥주축제,지역특산물,2024-01-08,2024-01-08
490,강원,홍천군,제6회 홍천산나물축제,지역특산물,2024-01-04,2024-01-04
491,강원,홍천군,제28회 홍천찰옥수수축제,지역특산물,2024-01-07,2024-01-07
492,강원,홍천군,제22회 강원홍천 인삼한우 명품축제,지역특산물,2024-01-10,2024-01-10
493,강원,홍천군,제9회 홍천사과축제,지역특산물,2024-01-11,2024-01-11
494,강원,횡성군,제13회 둔내고랭지토마토축제,지역특산물,2024-01-08,2024-01-08
495,강원,횡성군,제11회 횡성더덕축제,지역특산물,2024-01-09,2024-01-09
496,강원,횡성군,제16회 안흥찐빵축제,지역특산물,2024-01-10,2024-01-10
497,강원,횡성군,제20회 횡성한우축제,지역특산물,2024-01-10,2024-01-10
498,강원,횡성군,제5회 횡성호수길축제,자연생태,2024-01-05,2024-01-05
499,강원,횡성군,제35회 회다지민속문화제,전통역사,2024-01-04,2024-01-04
500,강원,횡성군,제5회 태종노구문화제,전통역사,2024-01-10,2024-01-10
502,강원,영월군,단종문화제,전통역사,2024-04-26,2024-04-28
504,강원,영월군,동강뗏목축제,문화예술,2024-08-02,2024-08-04
505,강원,영월군,김삿갓문화제,전통역사,2024-10-11,2024-10-13
507,강원,평창군,제30회 대관령눈꽃축제,자연생태,2024-01-27,2024-02-11
508,강원,평창군,2024 계촌클래식축제,문화예술,2024-05-15,2024-05-19
509,강원,평창군,2024 평창더위사냥축제,자연생태,2024-07-26,2024-08-04
510,강원,평창군,2024 평창효석문화제,문화예술,2024-09-06,2024-09-18
511,강원,평창군,2024 평창농악축제,전통역사,2024-09-13,2024-09-18
512,강원,평창군,2024 평창백일홍축제,자연생태,2024-09-13,2024-09-22
513,강원,정선군,제18회 정선 동강할미꽃 축제,자연생태,2024-03-29,2024-03-31
514,강원,정선군,함백산야생화축제,자연생태,2024-07-29,2024-08-06
515,강원,정선군,제28회 사북석탄문화제,문화예술,2024-07-25,2024-07-28
517,강원,정선군,두위봉 철쭉축제,자연생태,2024-01-06,2024-01-06
518,강원,정선군,고성산성문화제,전통역사,2024-01-10,2024-01-10
521,강원,정선군,제32회 아우라지뗏목축제,문화예술,2024-08-02,2024-08-04
523,강원,정선군,"벚꽃축제
(맹글장 ""벚꽃한입 세상으로"")",자연생태,2024-01-04,2024-01-04
526,강원,정선군,제49회 정선아리랑제,전통역사,2024-10-02,2024-10-05
528,강원,철원군,제18회 철원 화강 다슬기 축제,자연생태,2024-08-01,2024-08-04
530,강원,화천군,제19회 산천어축제,문화예술,2024-01-06,2024-01-28
531,강원,화천군,제20회 화천토마토축제,지역특산물,2024-08-01,2024-08-04
532,강원,양구군,2024 청춘양구 곰취축제,지역특산물,2024-05-03,2024-05-06
533,강원,양구군,2024 도솔산지구전투전승행사,전통역사,2024-06-14,2024-06-15
534,강원,양구군,2024 국토정중앙 청춘양구 배꼽축제,문화예술,2024-08-30,2024-09-01
536,강원,양구군,2024 청춘양구 펀치볼 시래기 사과 축제,지역특산물,2024-10-26,2024-10-27
537,강원,양구군,국토정중앙 양구 보름달축제,문화예술,2024-09-16,2024-09-17
538,강원,인제군,제6회 인제가을꽃축제,자연생태,2024-01-10,2024-01-10
539,강원,인제군,제24회 용대황태축제,지역특산물,2024-01-05,2024-01-05
540,강원,인제군,제42회 합강문화제,문화예술,2024-01-10,2024-01-10
544,강원,고성군,제42회 군민의 날 및 수성문화제,전통역사,2024-01-09,2024-01-09
545,강원,고성군,제24회 고성통일명태축제,전통역사,2024-01-10,2024-01-10
546,강원,양양군,아기연어 보내기 체험행사,자연생태,2024-01-03,2024-01-04
547,강원,양양군,양양송이연어축제,지역특산물,2024-01-09,2024-01-10
548,충북,청주시,청주읍성축제,전통역사,2024-09-08,2024-09-10
549,충북,청주시,청원생명축제,지역특산물,2024-10-06,2024-10-15
550,충북,청주시,세종대왕과 초정약수축제,문화예술,2024-10-20,2024-10-22
553,충북,청주시,청주 문화유산 야행,전통역사,2024-08-25,2024-08-27
554,충북,충주시,충주다이브페스티벌,문화예술,2024-05-30,2024-06-02
556,충북,충주시,우륵문화제,문화예술,2024-10-03,2024-10-07
557,충북,충주시,2023충주씨브랜드패스티벌,지역특산물,2024-01-10,2024-01-10
558,충북,제천시,제28회 청풍호 벚꽃축제,자연생태,2024-01-04,2024-01-04
559,충북,제천시,제천 문화유산 야행,전통역사,2024-08-30,2024-09-01
561,충북,제천시,제20회 제천국제음악영화제,문화예술,2024-01-09,2024-01-09
562,충북,제천시,제3회 의림지 농경문화 예술제,문화예술,2024-10-11,2024-10-13
563,충북,제천시,슬로시티 힐링 축제,문화예술,2024-01-10,2024-01-10
564,충북,보은군,2024 보은 벚꽃길 축제,자연생태,2024-04-05,2024-04-07
565,충북,보은군,2024 속리산 축제,전통역사,2024-01-05,2024-01-06
566,충북,보은군,2024 보은대추축제,지역특산물,2024-10-11,2024-10-20
567,충북,옥천군,제37회 지용제,문화예술,2024-05-17,2024-05-19
568,충북,옥천군,제22회 옥천묘목축제,지역특산물,2024-03-29,2024-03-31
569,충북,옥천군,제15회 옥천참옻축제,지역특산물,2024-01-04,2024-01-04
570,충북,옥천군,제15회 향수옥천 포도복숭아축제,지역특산물,2024-08-02,2024-08-04
571,충북,영동군,2024 영동곶감축제,지역특산물,2024-01-19,2024-01-21
572,충북,영동군,제13회 대한민국와인축제,지역특산물,2024-05-09,2024-05-12
573,충북,영동군,2024 영동포도축제,지역특산물,2024-08-29,2024-09-01
574,충북,영동군,제55회 영동난계국악축제,문화예술,2024-10-10,2024-10-13
575,충북,증평군,증평인삼골축제,지역특산물,2024-01-10,2024-01-10
576,충북,증평군,증평들노래축제,전통역사,2024-01-06,2024-01-06
577,충북,진천군,제24회 생거진천 농다리축제,전통역사,2024-01-04,2024-01-04
578,충북,진천군,제45회 생거진천 문화축제,문화예술,2024-01-10,2024-01-10
579,충북,괴산군,괴산빨간맛페스티벌,자연생태,2024-01-05,2024-01-05
580,충북,괴산군,괴산고추축제,지역특산물,2024-01-09,2024-01-09
581,충북,괴산군,괴산김장축제,지역특산물,2024-01-11,2024-01-11
582,충북,음성군,제25회 음성품바축제,문화예술,2024-05-22,2024-05-26
583,충북,음성군,제43회 설성문화제,전통역사,2024-01-09,2024-01-10
584,충북,음성군,2024 음성명작페스티벌,지역특산물,2024-01-08,2024-01-09
585,충북,단양군,제40회 단양 소백산철쭉제,자연생태,2024-05-23,2024-05-26
586,충북,단양군,제26회 단양 온달문화축제,전통역사,2024-10-03,2024-10-06
588,충남,천안시,천안위례벚꽃축제,자연생태,2024-01-04,2024-01-04
589,충남,천안시,입장거봉포도축제,지역특산물,2024-01-09,2024-01-09
590,충남,공주시,겨울공주 군밤축제,지역특산물,2024-01-01,2024-01-01
591,충남,공주시,공주 석장리 구석기축제,전통역사,2024-01-05,2024-01-05
592,충남,공주시,유구색동수국정원 꽃축제,자연생태,2024-01-06,2024-01-06
593,충남,공주시,계룡산산신제,전통역사,2024-01-04,2024-01-04
594,충남,공주시,마곡사 신록축제,문화예술,2024-01-05,2024-01-05
595,충남,공주시,갑사황매화축제,자연생태,2024-01-04,2024-01-04
596,충남,공주시,공주항공축제,자연생태,2024-01-10,2024-01-10
597,충남,공주시,제70회 백제문화제,전통역사,2024-01-09,2024-01-09
598,충남,공주시,구절산 구절초 축제,자연생태,2024-01-10,2024-01-10
599,충남,보령시,무창포 주꾸미.도다리 축제,지역특산물,2024-01-03,2024-01-03
600,충남,보령시,오천항 키조개 축제,지역특산물,2024-01-05,2024-01-05
601,충남,보령시,대천항 수산물 축제,지역특산물,2024-01-05,2024-01-05
602,충남,보령시,2024 보령.AMC 국제 모터페스티벌,문화예술,2024-05-04,2024-05-06
604,충남,보령시,무창포 신비의 바닷길 축제,문화예술,2024-01-09,2024-01-09
605,충남,보령시,무창포 대하전어 축제,지역특산물,2024-01-09,2024-01-09
606,충남,보령시,대천해수욕장 조개구이 축제,지역특산물,2024-01-09,2024-01-09
607,충남,보령시,원산도 · 효자도 붕장어 축제,지역특산물,2024-01-10,2024-01-10
609,충남,보령시,보령 김축제,지역특산물,2024-01-11,2024-01-11
610,충남,보령시,천북 굴축제,지역특산물,2024-01-12,2024-01-12
611,충남,보령시,고대도 칼 귀츨라프 선교 기념행사,문화예술,2024-07-24,2024-07-30
613,충남,아산시,역사문화 페스티벌,전통역사,2024-09-02,2024-09-02
614,충남,아산시,공연예술제,문화예술,2024-01-05,2024-01-05
615,충남,아산시,아트밸리 아산 제63회 성웅 이순신축제,문화예술,2024-01-04,2024-01-04
616,충남,아산시,락페스티벌,문화예술,2024-01-08,2024-01-08
617,충남,아산시,별빛음악제,문화예술,2024-01-08,2024-01-08
618,충남,아산시,아트밸리 아산 제2회 JAZZ 페스타,문화예술,2024-01-10,2024-01-10
619,충남,아산시,설화예술제,문화예술,2024-01-10,2024-01-10
620,충남,서산시,서산해미읍성축제,전통역사,2024-01-10,2024-01-10
621,충남,서산시,서산국화축제,자연생태,2024-01-11,2024-01-11
622,충남,서산시,팔봉산감자축제,지역특산물,2024-01-06,2024-01-06
623,충남,서산시,서산6쪽마늘축제,지역특산물,2024-01-07,2024-01-07
624,충남,서산시,해미벚꽃축제,자연생태,2024-01-04,2024-01-04
625,충남,서산시,류방택 별축제,전통역사,2024-01-06,2024-01-06
626,충남,서산시,왕산포갯마을축제,자연생태,2024-01-05,2024-01-05
627,충남,서산시,삼길포우럭축제,문화예술,2024-01-08,2024-01-08
628,충남,서산시,서산감태낙지축제,자연생태,2024-01-10,2024-01-10
629,충남,서산시,간월도어리굴젓축제,지역특산물,2024-01-10,2024-01-10
630,충남,논산시,논산딸기축제,지역특산물,2024-03-04,2024-03-04
631,충남,논산시,논산연산대추문화축제,지역특산물,2024-10-03,2024-10-03
632,충남,논산시,논산강경젓갈축제,지역특산물,2024-10-04,2024-10-04
633,충남,논산시,논산양촌곶감축제,지역특산물,2024-12-03,2024-12-03
634,충남,계룡시,2024계룡軍문화축제,문화예술,2024-01-10,2024-01-10
635,충남,계룡시,향적산 봄나들이,문화예술,2024-01-03,2024-01-04
636,충남,계룡시,사계문화제,문화예술,2024-01-04,2024-01-04
637,충남,당진시,면천진달래민속축제,전통역사,2024-01-04,2024-01-04
638,충남,당진시,순성벚꽃축제,자연생태,2024-01-04,2024-01-04
639,충남,당진시,기지시줄다리기민속축제,전통역사,2024-01-04,2024-01-04
640,충남,당진시,순성왕매실&당진맥주축제,지역특산물,2024-01-06,2024-01-06
641,충남,당진시,당진합덕연꽃축제,자연생태,2024-01-07,2024-01-07
642,충남,당진시,심훈상록문화제,전통역사,2024-01-09,2024-01-09
643,충남,당진시,삽교호조개구이홍보행사,지역특산물,2024-01-10,2024-01-10
644,충남,당진시,남이흥장군문화제,전통역사,2024-01-10,2024-01-10
645,충남,당진시,왜목마을해넘이해돋이소원제,자연생태,2024-12-31,2024-01-01
646,충남,금산군,재42회 금산세계인삼축제,지역특산물,2024-09-27,2024-10-07
647,충남,금산군,제4회 금산삼계탕축제,지역특산물,2024-01-07,2024-01-07
648,충남,금산군,2023년 비단고을 산꽃축제,자연생태,2024-01-04,2024-01-04
651,충남,부여군,제22회 부여서동연꽃축제,문화예술,2024-07-05,2024-07-07
652,충남,부여군,제70회 백제문화제,전통역사,2024-01-09,2024-01-10
653,충남,부여군,2024년 제19회 부여 굿뜨래 알밤축제,지역특산물,2024-01-10,2024-01-11
654,충남,부여군,2024년 백제고도부여국화축제,자연생태,2024-01-10,2024-01-11
655,충남,부여군,부여 세도 방울토마토 유채꽃 축제,지역특산물,2024-01-04,2024-01-04
656,충남,서천군,동백꽃 주꾸미 축제,지역특산물,2024-01-03,2024-01-03
657,충남,서천군,자연산 광어 도미 축제,지역특산물,2024-01-05,2024-01-05
658,충남,서천군,꼴뚜기 갑오징어 축제,지역특산물,2024-01-05,2024-01-05
659,충남,서천군,제34회 한산모시문화제,문화예술,2024-06-07,2024-06-09
660,충남,서천군,춘장대해수욕장 여름문화예술 축제,문화예술,2024-01-07,2024-01-08
662,충남,서천군,홍원항 전어 꽃게 축제,지역특산물,2024-01-09,2024-01-09
663,충남,서천군,자하(젓새우) 축제,지역특산물,2024-01-09,2024-01-09
665,충남,서천군,판교 도토리묵 축제,지역특산물,2024-01-10,2024-01-10
666,충남,서천군,서천철새여행,자연생태,2024-01-11,2024-01-11
668,충남,청양군,칠갑산장승문화축제,문화예술,2024-01-04,2024-01-04
669,충남,청양군,고추구기자 문화축제,지역특산물,2024-01-09,2024-01-09
670,충남,홍성군,홍성남당항 새조개축제,지역특산물,2024-01-20,2024-02-11
671,충남,홍성군,홍성남당항 바다송어축제,지역특산물,2024-01-04,2024-01-04
672,충남,홍성군,구항벚꽃한우축제,자연생태,2024-01-04,2024-01-04
674,충남,홍성군,홍성남당항 대하축제,지역특산물,2024-01-09,2024-01-09
675,충남,홍성군,광천김토굴새우젓 대축제,지역특산물,2024-01-10,2024-01-10
676,충남,홍성군,홍성사랑국화축제,자연생태,2024-01-10,2024-01-10
677,충남,홍성군,홍성군 가족축제,문화예술,2024-01-10,2024-01-10
678,충남,홍성군,글로벌 바베큐 페스티벌 in홍성,지역특산물,2024-01-11,2024-01-11
679,충남,예산군,제51회 윤봉길 평화축제,전통역사,2024-01-04,2024-01-05
680,충남,예산군,제8회 예산장터삼국축제,자연생태,2024-01-10,2024-01-10
681,충남,예산군,제21회 예산황토사과축제,지역특산물,2024-01-10,2024-01-11
682,충남,예산군,2023 의좋은형제축제,전통역사,2024-01-10,2024-01-10
683,충남,예산군,제5회 예산황새축제,자연생태,2024-01-09,2024-01-09
684,충남,태안군,제12회 몽산포항 주꾸미축제,지역특산물,2024-01-04,2024-01-04
685,충남,태안군,제1회 신진도항 오징어축제,지역특산물,2024-01-07,2024-01-07
686,충남,태안군,안면도 백사장 대하축제,지역특산물,2024-01-10,2024-01-10
687,충남,태안군,제20회 태안 모래조각 페스티벌,자연생태,2024-01-09,2024-01-09
688,충남,태안군,2024년 태안거리축제,문화예술,2024-01-10,2024-01-10
689,충남,태안군,2024 태안국화축제,자연생태,2024-01-10,2024-01-11
690,충남,태안군,2024년 대한민국 사구축제,자연생태,2024-01-11,2024-01-11
692,충남,태안군,황도붕기풍어제,문화예술,2024-02-11,2024-02-12
694,전북,전주시,전주단오,전통역사,2024-06-08,2024-06-10
695,전북,전주시,제14회 얼굴없는천사 축제,문화예술,2024-10-03,2024-10-05
696,전북,전주시,한옥마을 문화시설 특화축제,문화예술,2024-10-25,2024-10-27
697,전북,전주시,제6회 전주 김장문화축제,지역특산물,2024-01-11,2024-01-11
698,전북,전주시,2024 전주가맥축제,문화예술,2024-08-08,2024-08-10
699,전북,전주시,전주페스타 2024,문화예술,2024-10-03,2024-10-27
700,전북,전주시,2024 전주비빔밥축제,문화예술,2024-10-03,2024-10-06
701,전북,군산시,제3회 어촌체험 섬마을 작은 축제,지역특산물,2024-01-05,2024-01-05
702,전북,군산시,제56회 진포예술제,문화예술,2024-01-05,2024-01-05
703,전북,군산시,제12회 군산시간여행축제,전통역사,2024-01-10,2024-01-10
706,전북,군산시,군산 수제맥주&블루스 페스티벌,지역특산물,2024-06-20,2024-06-22
707,전북,군산시,제19회 군산꽁당보리축제,지역특산물,2024-05-02,2024-05-04
708,전북,익산시,2024 익산 문화유산야행,전통역사,2024-04-19,2024-04-21
709,전북,익산시,2024 익산서동축제,전통역사,2024-05-03,2024-05-06
710,전북,익산시,두동편백마을 힐링숲축제,자연생태,2024-09-27,2024-09-28
711,전북,익산시,제21회 익산 천만송이 국화축제,자연생태,2024-10-18,2024-10-27
712,전북,정읍시,제35회 정읍사문화제,문화예술,2024-10-26,2024-10-27
713,전북,정읍시,정읍 벚꽃축제,자연생태,2024-03-29,2024-04-01
716,전북,정읍시,제57회 동학농민혁명기념제,문화예술,2024-05-10,2024-05-11
717,전북,정읍시,제17회 정읍 구절초 꽃축제,자연생태,2024-10-03,2024-10-13
718,전북,남원시,제94회 춘향제,문화예술,2024-05-10,2024-05-16
719,전북,남원시,제32회 흥부제,문화예술,2024-10-05,2024-10-07
720,전북,남원시,제36회 지리산뱀사골고로쇠약수제,자연생태,2024-01-02,2024-01-02
721,전북,남원시,제12회 지리산바래봉 겨울축제,자연생태,2024-01-01,2024-01-02
723,전북,남원시,제45회 지리산 뱀사골 단풍제,자연생태,2024-10-01,2024-10-01
724,전북,남원시,제2회 십승지명당운본고원벚꽃축제,자연생태,2024-04-01,2024-04-01
725,전북,남원시,제1회 지리산흥부골 포도축제,지역특산물,2024-08-01,2024-08-01
727,전북,김제시,제26회 김제지평선축제,문화예술,2024-10-02,2024-10-06
728,전북,김제시,제17회 김제모락페스티벌,문화예술,2024-04-26,2024-04-27
729,전북,김제시,2024 꽃빛드리축제,문화예술,2024-03-29,2024-03-31
730,전북,김제시,지평선광활햇감자축제,지역특산물,2024-04-20,2024-04-21
731,전북,김제시,제13회 지평선 추억의 보리밭 축제,자연생태,2024-05-04,2024-05-06
732,전북,김제시,제2회 김제 자원순환 새로보미축제,자연생태,2024-09-06,2024-09-07
733,전북,완주군,제22회 완주 삼례딸기 축제,지역특산물,2024-01-03,2024-01-03
734,전북,완주군,제12회 와일드&로컬푸드축제,지역특산물,2024-01-09,2024-01-10
736,전북,완주군,제10회 완주곶감축제,지역특산물,2024-01-12,2024-01-12
739,전북,완주군,제34회 나라꽃 무궁화 전국축제 행사,자연생태,2024-01-07,2024-01-09
740,전북,진안군,제20회 진안고원 운장산 고로쇠 축제,지역특산물,2024-03-09,2024-03-10
741,전북,진안군,제14회 진안고원 수박축제,지역특산물,2024-07-27,2024-07-28
743,전북,진안군,제6회 진안고원 김치보쌈축제,지역특산물,2024-11-16,2024-11-17
744,전북,무주군,제27회 무주반딧불축제,자연생태,2024-08-31,2024-09-07
747,전북,장수군,제2회 장수쿨밸리축제,지역특산물,2024-07-31,2024-08-04
748,전북,장수군,제18회 장수한우랑사과랑축제,지역특산물,2024-09-05,2024-09-08
749,전북,장수군,제8회 번암물빛축제,자연생태,2024-08-02,2024-08-03
750,전북,장수군,계북 수박&토마토 축제,지역특산물,2024-07-27,2024-07-28
751,전북,장수군,장수읍 노하숲 작은축제,자연생태,2024-10-03,2024-10-04
752,전북,임실군,임실N치즈축제,지역특산물,2024-10-03,2024-10-06
755,전북,임실군,의견문화제,문화예술,2024-05-04,2024-05-06
756,전북,임실군,필봉마을굿축제,문화예술,2024-08-22,2024-08-25
757,전북,임실군,사선문화제,문화예술,2024-08-29,2024-09-01
761,전북,순창군,제5회 섬진강 슬로슬로 발효마을 축제,자연생태,2024-05-04,2024-05-05
762,전북,순창군,제27회 추령장승축제,전통역사,2024-10-26,2024-10-27
763,전북,순창군,제19회 순창장류축제,지역특산물,2024-10-11,2024-10-13
764,전북,고창군,제51회 고창모양성제,전통역사,2024-10-09,2024-10-13
765,전북,고창군,2024 고창갯벌축제,자연생태,2024-06-03,2024-06-03
768,전북,고창군,제2회 고창 벚꽃축제,자연생태,2024-03-29,2024-03-31
769,전북,고창군,제21회고창복분자와수박축제,지역특산물,2024-06-14,2024-06-16
770,전북,고창군,고창 청보리밭축제,자연생태,2024-04-20,2024-05-12
772,전북 ,부안군,제11회 부안마실축제,문화예술,2024-05-03,2024-05-06
780,전남,-,제16회 명량대첩축제,전통역사,2024-10-18,2024-10-20
781,전남,-,제30회 국제남도음식문화큰잔치,지역특산물,2024-10-11,2024-10-13
782,전남,목포시,2024 유달산 봄 축제,자연생태,2024-03-29,2024-03-31
783,전남,목포시,2024 목포항구축제,전통역사,2024-09-27,2024-09-29
784,전남,여수시,제32회 여수영취산진달래축제,자연생태,2024-03-23,2024-03-24
785,전남,여수시,제58회 여수거북선축제,전통역사,2024-05-04,2024-05-07
790,전남,여수시,제29회 여수향일암일출제,자연생태,2024-12-31,2025-01-01
791,전남,순천시,제20회 순천명품월등복숭아 체험행사,지역특산물,2024-08-03,2024-08-04
792,전남,순천시,2024년 순천 문화유산 야행,문화예술,2024-08-14,2024-08-18
794,전남,순천시,제41회 순천팔마문화제,문화예술,2024-09-02,2024-09-02
795,전남,순천시,제8회 순천 푸드앤아트페스티벌,문화예술,2024-10-03,2024-10-03
796,전남,순천시,제29회 순천낙안읍성민속문화축제,전통역사,2024-10-03,2024-10-05
797,전남,순천시,제25회 순천만갈대축제,자연생태,2024-11-02,2024-11-03
798,전남,나주시,2024 나주축제,문화예술,2024-10-09,2024-10-13
799,전남,나주시,제20회 영산포 홍어축제,지역특산물,2024-01-04,2024-01-04
800,전남,나주시,제4회 천년나주목읍성문화축제,문화예술,2024-01-09,2024-01-09
801,전남,광양시,제23회 광양매화축제,자연생태,2024-03-08,2024-03-17
802,전남,광양시,제7회 광양천년동백축제,자연생태,2024-01-03,2024-01-03
803,전남,광양시,제16회 백운산국사봉철쭉축제,자연생태,2024-01-04,2024-01-04
804,전남,광양시,제23회 광양전어축제,지역특산물,2024-01-08,2024-01-08
805,전남,광양시,제20회 광양전통숯불구이축제,지역특산물,2024-01-10,2024-01-10
807,전남,담양군,2024년 담양대나무축제,자연생태,2024-05-15,2024-05-20
808,전남,담양군,금성면 제1회 고비산 산벚꽃축제,자연생태,2024-04-02,2024-04-02
809,전남,담양군,제11회 창평 전통음식축제,전통역사,2024-10-03,2024-10-03
811,전남,곡성군,제14회 곡성세계장미축제,자연생태,2024-05-17,2024-05-26
812,전남,곡성군,제24회 곡성심청어린이대축제,문화예술,2024-10-03,2024-10-06
813,전남,구례군,제25회 구례산수유꽃축제,자연생태,2024-03-09,2024-03-17
814,전남,구례군,2024 구례300리 벚꽃축제,자연생태,2024-03-29,2024-03-31
815,전남,구례군,제80회 지리산남악제 및 43회 군민의 날 행사,전통역사,2024-04-19,2024-04-21
816,전남,구례군,화엄음악제,문화예술,2024-10-04,2024-10-06
817,전남,구례군,2024 구례동편소리축제,문화예술,2024-10-11,2024-10-13
818,전남,구례군,제48회 지리산피아골단풍 축제,자연생태,2024-11-02,2024-11-03
822,전남,고흥군,제4회 고흥 유자축제,지역특산물,2024-11-01,2024-11-03
824,전남,보성군,보성다향대축제,지역특산물,2024-05-02,2024-05-06
825,전남,보성군,서편제보성소리축제,문화예술,2024-10-06,2024-10-08
826,전남,보성군,벌교꼬막축제,지역특산물,2024-10-25,2024-10-27
829,전남,화순군,2024 화순 고인돌 축제,전통역사,2024-04-19,2024-04-28
830,전남,화순군,2024 화순 고인돌 가을꽃 축제,전통역사,2024-10-18,2024-11-03
836,전남,장흥군,제1회 장흥 산들해 축제,지역특산물,2024-01-04,2024-01-05
837,전남,장흥군,제17회 정남진 장흥 물축제,자연생태,2024-07-27,2024-08-04
838,전남,장흥군,2024 장흥 회령포 이순신 축제,전통역사,2024-01-10,2024-01-10
839,전남,강진군,제52회 강진청자축제,전통역사,2024-02-23,2024-03-03
840,전남,강진군,백련사 동백축제,자연생태,2024-02-23,2024-03-03
842,전남,강진군,제4회 강진 성전월출산 봄소풍가는날,자연생태,2024-04-19,2024-04-21
843,전남,강진군,제7회 강진금곡사 벚꽃삼십리길축제,자연생태,2024-01-03,2024-01-04
844,전남,강진군,제27회 전라병영성축제,전통역사,2024-01-03,2024-01-04
847,전남,강진군,제13회 마량미항찰전어축제,지역특산물,2024-01-09,2024-01-09
848,전남,강진군,제9회 강진만춤추는갈대축제,자연생태,2024-01-10,2024-01-10
849,전남,해남군,흑석산 소풍 힐링축제,자연생태,2024-04-26,2024-04-27
850,전남,해남군,해남 공룡대축제,자연생태,2024-05-03,2024-05-05
851,전남,해남군,송호해변 여름축제,자연생태,2024-01-07,2024-01-08
852,전남,해남군,오시아노 뮤직페스타,문화예술,2024-01-08,2024-01-08
853,전남,해남군,해남미남축제,지역특산물,2024-01-10,2024-01-11
854,전남,해남군,땅끝해넘이해맞이축제,자연생태,2024-12-31,2025-01-01
855,전남,영암군,영암왕인문화축제,문화예술,2024-03-28,2024-03-31
856,전남,영암군,월출산국화축제,자연생태,2024-01-10,2024-01-11
857,전남,영암군,마한축제,전통역사,2024-01-10,2024-01-10
858,전남,영암군,영암무화과축제,지역특산물,2024-01-09,2024-01-09
859,전남,무안군,2024 무안겨울숭어축제,지역특산물,2024-01-20,2024-01-21
860,전남,무안군,제10회 황토갯벌축제,자연생태,2024-05-04,2024-05-06
861,전남,무안군,제27회 무안연꽃축제,자연생태,2024-07-25,2024-07-28
863,전남,무안군,제4회 무안YD 페스티벌,문화예술,2024-10-25,2024-10-27
864,전남,함평군,2024 대한민국 난명품 대제전,자연생태,2024-03-23,2024-03-24
865,전남,함평군,제26회 함평나비대축제,문화예술,2024-04-26,2024-05-05
866,전남,함평군,제25회 모악산 꽃무릇 축제,자연생태,2024-01-09,2024-01-09
867,전남,함평군,2024 대한민국 국향대전,문화예술,2024-10-25,2024-11-10
868,전남,영광군,제10회 영광찰보리어울마당,자연생태,2024-05-10,2024-05-11
869,전남,영광군,2023 영광법성포단오제,문화예술,2024-06-07,2024-06-10
870,전남,영광군,제23회 영광불갑산상사화축제,자연생태,2024-09-13,2024-09-22
871,전남,장성군,황룡강 (洪)길동무 꽃길 축제,자연생태,2024-05-24,2024-05-26
872,전남,장성군,어울림음악회,자연생태,2024-01-07,2024-01-07
873,전남,장성군,황룡강 가을꽃축제,자연생태,2024-10-05,2024-10-13
877,전남,진도군,제44회 진도신비의바닷길축제,자연생태,2024-03-11,2024-03-13
878,전남,진도군,제10회 대한민국 진도개페스티벌,전통역사,2024-05-05,2024-05-06
879,전남 ,진도군,2024 보배섬진도 문화예술제,문화예술,2024-01-10,2024-01-10
880,전남,신안군,2024년 섬수선화축제,자연생태,2024-03-29,2024-04-07
881,전남,신안군,2024 섬 튤립축제,자연생태,2024-04-05,2024-04-14
882,전남,신안군,섬 간재미축제,지역특산물,2024-01-04,2024-01-04
883,전남,신안군,제2회 전국 새우란 축제,자연생태,2024-04-16,2024-04-21
884,전남,신안군,2023 퍼플섬 라벤더 꽃축제,자연생태,2024-05-17,2024-05-26
885,전남,신안군,섬 홍어축제,지역특산물,2024-01-05,2024-01-05
886,전남,신안군,섬 낙지축제,지역특산물,2024-01-05,2024-01-05
887,전남,신안군,섬 강달어축제,지역특산물,2024-01-06,2024-01-06
888,전남,신안군,섬 병어축제,지역특산물,2024-01-06,2024-01-06
890,전남,신안군,2024 섬 수국축제,자연생태,2024-06-14,2024-06-23
891,전남,신안군,2024 섬 크로코스미아꽃 축제,전통역사,2024-07-05,2024-07-21
892,전남,신안군,제4회섬홍도원추리축제,자연생태,2024-07-12,2024-07-21
893,전남,신안군,섬 민어축제,지역특산물,2024-01-07,2024-01-07
894,전남,신안군,섬 왕새우축제,지역특산물,2024-01-09,2024-01-09
895,전남,신안군,섬 불볼락축제,지역특산물,2024-01-09,2024-01-09
896,전남,신안군,섬 우럭축제,지역특산물,2024-01-09,2024-01-09
897,전남,신안군,섬 새우젓축제,지역특산물,2024-01-10,2024-01-10
898,전남,신안군,아스타 꽃축제,자연생태,2024-10-04,2024-10-13
899,전남,신안군,2024 섬 맨드라미 축제,자연생태,2024-10-04,2024-10-13
900,전남,신안군,2024 섬 겨울꽃 축제,전통역사,2024-12-06,2024-01-01
901,경북,포항시,포항해병대문화축제,문화예술,2024-04-27,2024-04-28
902,경북,포항시,포항국제불빛축제,문화예술,2024-05-31,2024-06-02
906,경북,포항시,호미곶한민족해맞이축전,자연생태,2024-12-31,2024-01-01
912,경북,포항시,포항 구룡포 과메기&겨울바다 축제,자연생태,2024-12-31,2024-01-01
914,경북,경주시,경주벚꽃축제,자연생태,2024-01-03,2024-01-03
915,경북,경주시,신라문화제,문화예술,2024-01-10,2024-01-10
916,경북,김천시,김천앤 과일축제,지역특산물,2024-01-08,2024-01-09
917,경북,김천시,김천김밥축제,문화예술,2024-01-10,2024-01-10
918,경북,안동시,안동암산얼음축제,자연생태,2024-01-20,2024-01-28
919,경북,안동시,차전장군노국공주축제,전통역사,2024-05-03,2024-05-07
920,경북,안동시,안동 벚꽃축제,자연생태,2024-01-04,2024-01-04
921,경북,안동시,안동수[水]페스타,자연생태,2024-01-07,2024-01-08
922,경북,안동시,2024 문화재 야행,전통역사,2024-01-07,2024-01-08
923,경북,안동시,안동국제탈춤페스티벌,문화예술,2024-09-27,2024-10-06
924,경북,안동시,2024 하회선유줄불놀이,전통역사,2024-01-06,2024-01-10
925,경북,구미시,"청춘, 금오천 벚꽃 페스티벌",문화예술,2024-03-30,2024-04-02
926,경북,구미시,제3회 구미독서문화축제,문화예술,2024-09-27,2024-09-28
927,경북,구미시,제8회 인동도시숲문화축제,자연생태,2024-01-10,2024-01-10
929,경북,구미시,제3회 구미라면축제,문화예술,2024-11-15,2024-11-17
936,경북,영천시,제22회 영천한약축제 with 작약꽃,지역특산물,2024-05-17,2024-05-19
937,경북,영천시,"와! 과-한 영천축제
(영천과일, 와인, 한우 축제)",지역특산물,2024-10-11,2024-10-13
938,경북,영천시,제21회영천보현산별빛축제,자연생태,2024-10-05,2024-10-07
939,경북,영천시,제50회 영천문화예술제,문화예술,2024-01-10,2024-01-10
940,경북,영천시,제4회 중악팔공산 은빛문화제,문화예술,2024-01-09,2024-01-09
941,경북,상주시,2024 상주세계모자페스티벌,문화예술,2024-01-09,2024-01-10
942,경북,상주시,2024 상주곶감축제,지역특산물,2024-01-12,2024-01-14
943,경북,문경시,제26회 문경찻사발축제,문화예술,2024-04-27,2024-05-06
944,경북,문경시,제20회 문경오미자축제,지역특산물,2024-01-09,2024-01-09
945,경북,문경시,제19회 문경사과축제,지역특산물,2024-01-10,2024-01-10
946,경북,문경시,제13회 문경약돌한우축제,지역특산물,2024-01-10,2024-01-10
947,경북,경산시,2024 경산자인단오제,문화예술,2024-06-08,2024-06-10
949,경북,경산시,제13회 경산대추&농산물한마당,지역특산물,2024-10-02,2024-10-02
950,경북,의성군,제17회 산수유마을꽃맞이행사,자연생태,2024-03-09,2024-03-09
951,경북,의성군,제2회 남대천 벚꽃축제,자연생태,2024-04-02,2024-04-02
952,경북,의성군,제7회 의성슈퍼푸드마늘축제,지역특산물,2024-11-03,2024-11-03
953,경북,청송군,제18회 청송사과축제,지역특산물,2024-10-30,2024-11-03
954,경북,영양군,제19회 영양산나물축제,지역특산물,2024-05-09,2024-05-12
955,경북,영양군,제3회 수비능이축제,지역특산물,2024-10-04,2024-10-06
956,경북,영양군,영양고추 H.O.T. festival,지역특산물,2024-09-09,2024-09-11
957,경북,영양군,영양반딧불이축제,자연생태,2024-08-24,2024-08-25
958,경북,영덕군,제27회 영덕대게축제,지역특산물,2024-02-29,2024-03-03
959,경북,영덕군,물가자미축제,지역특산물,2024-01-04,2024-01-04
960,경북,영덕군,영덕황금은어축제,지역특산물,2024-01-07,2024-01-08
963,경북,청도군,제21회 청도소싸움축제,문화예술,2024-04-19,2024-04-21
964,경북,청도군,제17회 청도반시축제,지역특산물,2024-10-03,2024-10-03
965,경북,청도군,제8회 청도세계코미디아트페스티벌,문화예술,2024-10-03,2024-10-03
966,경북,고령군,고령대가야축제,문화예술,2024-03-29,2024-03-31
967,경북,성주군,2024 성주참외&생명문화축제,문화예술,2024-05-16,2024-05-19
970,경북,칠곡군,제11회 낙동강 세계평화 문화 대축전,전통역사,2024-10-11,2024-10-13
971,경북,칠곡군,제 15회 낙동강지구 전투 전승행사,전통역사,2024-10-11,2024-10-13
972,경북,칠곡군,가산산성 문화유산 야행,전통역사,2024-04-27,2024-04-28
974,경북,예천군,2024 예천활축제,문화예술,2024-05-03,2024-05-06
975,경북,예천군,2024 곤충 & 서머쿨 페스티벌,문화예술,2024-08-15,2024-08-18
976,경북,예천군,2024 예천삼강주막나루터축제,문화예술,2024-09-15,2024-09-17
979,경북,예천군,2024 문화재 야행,문화예술,2024-10-03,2024-10-06
980,경북,봉화군,제26회 봉화은어축제,자연생태,2024-01-07,2024-01-08
981,경북,봉화군,제28회 봉화송이축제,지역특산물,2024-01-09,2024-01-10
983,경북,울진군,울진대게와 붉은대게 축제,지역특산물,2024-02-22,2024-02-25
984,경북,울진군,죽변항 수산물 축제,지역특산물,2024-01-12,2024-01-12
985,경북,울릉군,제22회 울릉도 오징어 축제,지역특산물,2024-01-08,2024-01-08
986,경북,울릉군,2024년 울릉도 눈축제,자연생태,2024-02-01,2024-02-03
987,경남,창원시,"제62회 진해군항제
(군악의장페스티벌)",자연생태,2024-03-23,2024-04-01
988,경남,창원시,제24회 마산국화축제,자연생태,2024-01-10,2024-01-11
989,경남,창원시,천주산 진달래축제,자연생태,2024-01-04,2024-01-04
992,경남,창원시,마산어시장 축제,지역특산물,2024-01-09,2024-01-10
996,경남,창원시,충무지구 근대군항 문화페스타,전통역사,2024-01-10,2024-01-10
997,경남,창원시,마금산온천축제,지역특산물,2024-01-10,2024-01-10
998,경남,창원시,창원진동미더덕축제,지역특산물,2024-01-04,2024-01-05
999,경남,창원시,진해만싱싱수산물축제,지역특산물,2024-01-10,2024-01-10
1000,경남,창원시,창원홍합축제,지역특산물,2024-01-11,2024-01-11
1001,경남,창원시,창원단감축제,지역특산물,2024-10-26,2024-10-27
1002,경남,창원시,동읍 무점마을 코스모스축제,자연생태,2024-01-09,2024-01-10
1004,경남,창원시,제9회 산호공원 꽃무릇축제,자연생태,2024-01-09,2024-01-09
1005,경남,진주시,제23회 진주논개제,전통역사,2024-01-05,2024-01-05
1006,경남,진주시,2024 진주M2페스티벌,문화예술,2024-01-08,2024-01-08
1007,경남,진주시,2024 진주남강유등축제,전통역사,2024-01-10,2024-01-10
1008,경남,진주시,제73회 개천예술제,전통역사,2024-01-10,2024-01-10
1009,경남,진주시,2024 코리아드라마페스티벌,문화예술,2024-01-10,2024-01-10
1010,경남,통영시,제63회 통영한산대첩축제,전통역사,2024-01-08,2024-01-08
1012,경남,통영시,제15회 한산도바다체험축제,자연생태,2024-01-06,2024-01-06
1015,경남,통영시,제4회 중앙동벅수축제,전통역사,2024-01-11,2024-01-11
1017,경남,사천시,제26회 사천와룡문화제,문화예술,2024-04-26,2024-04-28
1018,경남,사천시,"2024 사천시 삼천포항
수산물축제",지역특산물,2024-04-19,2024-04-21
1019,경남,사천시,제21회 사천시 삼천포항 자연산 전어축제,지역특산물,2024-08-16,2024-08-18
1021,경남,사천시,제16회 사천시농업한마당축제,지역특산물,2024-11-01,2024-11-03
1022,경남,사천시,제7회 곤양비봉내축제,전통역사,2024-01-09,2024-01-10
1024,경남,사천시,제5회 선진리성벚꽃축제,문화예술,2024-03-30,2024-03-31
1025,경남,김해시,제29회 김해분청도자기축제,문화예술,2024-01-10,2024-01-10
1026,경남,김해시,2024년 가야문화축제,문화예술,2024-04-19,2024-04-23
1027,경남,김해시,2024년 가야금축제,문화예술,2024-01-08,2024-01-10
1028,경남,김해시,2024년 김해문화재야행,전통역사,2024-01-10,2024-01-10
1030,경남,김해시,제40회 김해진영단감축제,지역특산물,2024-11-01,2024-11-03
1031,경남,김해시,제9회 김해꽃축제,지역특산물,2024-01-05,2024-01-05
1032,경남,김해시,2024 김해독서대전,문화예술,2024-01-03,2024-01-12
1034,경남,밀양시,제66회 밀양아리랑대축제,전통역사,2024-05-23,2024-05-26
1035,경남,밀양시,제24회 밀양공연예술축제,문화예술,2024-07-19,2024-07-28
1036,경남,밀양시,2024년 밀양 문화유산 야행,전통역사,2024-04-19,2024-04-21
1037,경남,밀양시,제15회 밀양대추축제,지역특산물,2024-10-20,2024-10-22
1038,경남,밀양시,제26회 밀양얼음골사과축제,지역특산물,2024-11-02,2024-11-03
1039,경남,밀양시,제14회 밀양삼랑진 딸기시배지 축제,지역특산물,2024-01-03,2024-01-03
1040,경남,밀양시,초동연가길 코스모스축제,자연생태,2024-10-05,2024-10-06
1041,경남,거제시,거제맹종대나무 축제,지역특산물,2024-04-26,2024-04-28
1042,경남,거제시,거제옥포대첩 축제,전통역사,2024-01-06,2024-01-06
1043,경남,거제시,남부면 수국축제,자연생태,2024-01-06,2024-01-06
1045,경남,거제시,거제맥주축제,문화예술,2024-01-08,2024-01-08
1046,경남,거제시,제13회 거제둔덕포도축제,지역특산물,2024-09-07,2024-09-08
1047,경남,거제시,제18회 거제섬꽃축제,문화예술,2024-10-26,2024-11-03
1048,경남,거제시,거제대구수산물축제,지역특산물,2024-01-12,2024-01-12
1050,경남,거제시,거제 송년불꽃축제,문화예술,2024-12-31,2024-12-31
1051,경남,양산시,배내골고로쇠축제,지역특산물,2024-02-15,2024-03-15
1053,경남,양산시,원동매화축제,지역특산물,2024-03-09,2024-03-17
1054,경남,양산시,2024 물금벚꽃축제,자연생태,2024-01-03,2024-01-04
1055,경남,양산시,양산봄꽃향연,자연생태,2024-01-04,2024-01-05
1057,경남,양산시,배내골사과축제,지역특산물,2024-11-02,2024-11-03
1058,경남,양산시,2024 양산삽량문화축전,전통역사,2024-01-10,2024-01-10
1059,경남,양산시,양산차문화축제,문화예술,2024-01-10,2024-01-10
1060,경남,양산시,양산국화축제,자연생태,2024-01-10,2024-01-11
1061,경남,의령군,제49회 의령 홍의장군축제,전통역사,2024-04-18,2024-04-21
1062,경남,의령군,2024 의령 신번문화축제,전통역사,2024-01-09,2024-01-09
1063,경남,의령군,2024 의령 리치리치 페스티벌,문화예술,2024-01-10,2024-01-10
1064,경남,의령군,2024 토요애 의령 농축산물 축제,지역특산물,2024-01-10,2024-01-10
1065,경남,의령군,제3회 의령가례밭미나리축제,지역특산물,2024-01-03,2024-01-03
1066,경남,의령군,제21 의령토요애수박축제,지역특산물,2024-01-04,2024-01-04
1067,경남,의령군,2024 청소년과 함께하는 세대공감 어울림 축제,문화예술,2024-01-10,2024-01-10
1068,경남,함안군,제36회 아라가야문화제,전통역사,2024-01-09,2024-01-09
1069,경남,함안군,제5회 대한민국 & 제30회 함안수박축제,지역특산물,2024-04-26,2024-04-28
1070,경남,함안군,제12회 강주해바라기 축제,자연생태,2024-01-06,2024-01-07
1071,경남,함안군,제2회 청보리.작약 축제,자연생태,2024-10-11,2024-10-13
1072,경남,함안군,제13회 함안곶감축제,지역특산물,2024-01-12,2024-01-14
1073,경남,창녕군,제19회 창녕낙동강유채축제,자연생태,2024-04-11,2024-04-14
1074,경남,창녕군,제29회 부곡온천축제,자연생태,2024-03-29,2024-03-31
1075,경남,창녕군,제63회 3.1민속문화제,전통역사,2024-02-29,2024-03-03
1076,경남,창녕군,제38회 비사벌문화제,문화예술,2024-01-10,2024-01-10
1077,경남,고성군,2024 기월 안뜰 경관농업지구 봄꽃 축제,자연생태,2024-01-04,2024-01-04
1078,경남,고성군,2024 기월 안뜰 경관농업지구 가을꽃 축제,자연생태,2024-01-10,2024-01-10
1079,경남,고성군,제11회 엄홍길대장과 함께하는 거류산 등산축제,자연생태,2024-01-10,2024-01-10
1080,경남,고성군,제46회 소가야문화제,전통역사,2024-01-09,2024-01-09
1081,경남,고성군,당항포대첩 축제,전통역사,2024-01-05,2024-01-05
1090,경남,고성군,제8회 고성 가리비 수산물 축제,지역특산물,2024-01-10,2024-01-10
1091,경남,고성군,제2회 고성갯벌 축제,자연생태,2024-01-09,2024-01-09
1092,경남,남해군,"남해대교 문화행사 ""노량의 봄""",자연생태,2024-03-29,2024-03-30
1093,경남,남해군,제6회 창선고사리축제,지역특산물,2024-04-26,2024-04-27
1094,경남,남해군,제2회 마이페스트,전통역사,2024-05-03,2024-05-04
1095,경남,남해군,제18회 보물섬 멸치축제,지역특산물,2024-05-11,2024-05-12
1096,경남,남해군,제19회 남해 마늘한우 축제,지역특산물,2024-06-13,2024-06-16
1097,경남,남해군,제12회 독일마을맥주축제,전통역사,2024-10-04,2024-10-06
1098,경남,남해군,상주 해돋이&물메기 축제,자연생태,2024-12-31,2024-01-01
1099,경남,하동군,제27회 하동야생차문화축제,지역특산물,2024-05-11,2024-05-14
1101,경남,하동군,제8회 하동섬진강문화재첩축제,지역특산물,2024-01-06,2024-01-06
1102,경남,산청군,제39회 산청황매산철쭉제,자연생태,2024-01-04,2024-01-05
1104,경남,산청군,생초꽃잔디축제,자연생태,2024-01-04,2024-01-04
1105,경남,산청군,제17회 지리산산청곶감축제,지역특산물,2024-01-11,2024-01-14
1106,경남,산청군,제24회 산청한방약초축제,지역특산물,2024-09-27,2024-10-06
1107,경남,산청군,제48회 남명선비문화축제,문화예술,2024-10-18,2024-10-19
1108,경남,함양군,제63회 천령문화제,전통역사,2024-05-09,2024-05-13
1109,경남,함양군,제21회 함양연암문화제,전통역사,2024-01-08,2024-01-08
1110,경남,함양군,제19회 함양산삼축제,지역특산물,2024-01-10,2024-01-10
1112,경남,거창군,제34회 거창국제연극제,문화예술,2024-07-26,2024-08-09
1113,경남,거창군,제4회 감악산 꽃&별 여행,자연생태,2024-09-27,2024-10-13
1114,경남,거창군,제5회 거창 아리미아 꽃 축제,자연생태,2024-01-05,2024-01-05
1115,경남,거창군,제5회 거창韓 거창산양삼축제,지역특산물,2024-01-05,2024-01-05
1116,경남,합천군,제28회 황매산철쭉제,자연생태,2024-01-04,2024-01-05
1119,경남,합천군,합천황토한우축제,지역특산물,2024-01-10,2024-01-10
1120,경남,합천군,2024 합천기록문화축제,전통역사,2024-01-10,2024-01-10
1121,경남,합천군,제3회 황매산억새축제,자연생태,2024-01-10,2024-01-10
1123,제주,서귀포시,제41회 서귀포유채꽃축제,자연생태,2024-03-30,2024-03-31
1125,제주,서귀포시,벚꽃길따라 행복한 동행,문화예술,2024-01-03,2024-01-05
1126,제주,제주시,제13회 우도소라축제,지역특산물,2024-04-26,2024-04-28
1127,제주,제주시,거리예술제,문화예술,2024-01-04,2024-01-11
1129,제주,서귀포시,제28회 한라산 청정 고사리 축제,지역특산물,2024-01-04,2024-01-04
1130,제주,서귀포시,제13회 가파도 청보리 축제,자연생태,2024-01-04,2024-01-04
1131,제주,-,2024년 제주마 입목 및 문화 축제,자연생태,2024-01-04,2024-01-04
1132,제주,제주시,제21회 방선문축제,전통역사,2024-05-04,2024-05-05
1134,제주,서귀포시,수국과 공연이 꽃피는 혼인지,문화예술,2024-01-05,2024-01-08
1135,제주,서귀포시,2024 영천동해바라기축제,자연생태,2024-01-05,2024-01-05
1136,제주,서귀포시,"한라산아래첫마을 광평리 2024 제주메밀축제 ""제주메밀의 모든 것""",지역특산물,2024-06-01,2024-06-02
1137,제주,서귀포시,제10회 대정 암반수 마농박람회,지역특산물,2024-01-06,2024-01-06
1138,제주,제주시,한여름밤의 예술공연,문화예술,2024-01-07,2024-01-08
1139,제주,서귀포시,성산 조개바당 축제,자연생태,2024-01-07,2024-01-07
1140,제주,제주시,제20회 삼양검은모래축제 ,자연생태,2024-01-07,2024-01-07
1141,제주,제주시,제19회 제주이호테우축제,전통역사,2024-01-07,2024-01-08
1142,제주,서귀포시,"제29회 표선해변하얀모래
축제",자연생태,2024-01-07,2024-01-08
1143,제주,제주시,제13회 백난아가요제,문화예술,2024-01-07,2024-01-07
1145,제주,제주시,제15회 금능원담축제,전통역사,2024-01-08,2024-01-08
1146,제주,서귀포시,제22회 예래생태축제,자연생태,2024-09-14,2024-09-15
1147,제주,제주시,제14회 산지천축제,문화예술,2024-01-09,2024-01-09
1148,제주,제주시,"제3회 화북, 포구문화제",전통역사,2024-01-09,2024-01-09
1149,제주,서귀포시,제20회 쇠소깍 축제,자연생태,2024-09-02,2024-09-02
1150,제주,-,제17회 제주해녀축제,전통역사,2024-09-03,2024-09-03
1151,제주,-,제5회 서귀포 은갈치 축제,지역특산물,2024-01-09,2024-01-09
1152,제주,제주시,2024 제주레저힐링축제,문화예술,2024-01-09,2024-01-10
1153,제주,서귀포시,제22회 대정고을 추사문화 예술제,전통역사,2024-01-10,2024-01-10
1154,제주,서귀포시,제30회 서귀포칠십리축제,문화예술,2024-10-18,2024-10-20
1155,제주,제주시,삼도2동 문화의 거리 행사,문화예술,2024-01-10,2024-01-10
1156,제주,제주시,아트페스타인제주,문화예술,2024-01-10,2024-01-10
1157,제주,제주시, 고마로 馬문화 축제,문화예술,2024-10-03,2024-10-03
1158,제주,제주시,2024 삼성혈 문화의 거리 축제,문화예술,2024-01-10,2024-01-10
1159,제주,-,제주 성읍마을 전통민속 재현축제,전통역사,2024-01-10,2024-01-10
1160,제주,-,제주 성읍마을 정의현감 행차재현 및 전통 민요공연,전통역사,2024-01-10,2024-01-10
1161,제주,-,혼인지 축제,전통역사,2024-01-10,2024-01-10
1162,제주,서귀포시,제31회 덕수리 전통민속재현행사,전통역사,2024-10-02,2024-10-02
1163,제주,-,제8회 FPC 한수위 수산물 대축제,지역특산물,2024-01-10,2024-01-10
1164,제주,-,제7회 제주광어 대축제,지역특산물,2024-01-10,2024-01-10
1165,제주,-,제16회 추자도 참굴비 대축제,지역특산물,2024-01-10,2024-01-10
1167,제주,-,제24회 최남단 방어 축제,지역특산물,2024-01-11,2024-01-11
